CREATE SCHEMA `mrmilho` ;
USE `mrmilho`;
CREATE TABLE `mrmilho`.`items`  (
`id` INT NOT NULL , 
`ItemName` varchar(45) NOT NULL,
`ValueNpc` varchar(45) NOT NULL,
`ValueMarket` varchar(45) DEFAULT NULL,
`url` varchar(100) DEFAULT NULL,
PRIMARY KEY (`id`));
INSERT INTO `mrmilho`.`items` (`id`, `ItemName`, `ValueNpc`, `ValueMarket`,`url` ) VALUES ('1', 'Thunder Stone', '5000', '7500', 'https://wiki.pokexgames.com/images/d/d3/Thunder-stone.gif');
INSERT INTO `mrmilho`.`items` (`id`, `ItemName`, `ValueNpc`, `ValueMarket`,`url` ) VALUES ('2', 'Screw', '0.5', '4', 'https://wiki.pokexgames.com/images/thumb/0/09/Screw.gif/22px-Screw.gif');
INSERT INTO `mrmilho`.`items` (`id`, `ItemName`, `ValueNpc`, `ValueMarket`,`url` ) VALUES ('3', 'Electric Box', '20', '37', 'https://wiki.pokexgames.com/images/6/6c/ElectricBox.png');
INSERT INTO `mrmilho`.`items` (`id`, `ItemName`, `ValueNpc`, `ValueMarket`,`url` ) VALUES ('4', 'Electric Rat Tail', '125', '145', 'https://wiki.pokexgames.com/images/d/d9/Electric_Rat_Tail.png');
INSERT INTO `mrmilho`.`items` (`id`, `ItemName`, `ValueNpc`, `ValueMarket`,`url` ) VALUES ('5', 'Sheep Wool', '240', '245', 'https://wiki.pokexgames.com/images/f/fe/Sheep_Wool.png');
INSERT INTO `mrmilho`.`items` (`id`, `ItemName`, `ValueNpc`, `ValueMarket`,`url` ) VALUES ('6', 'Electric Tail', '1000', '1100', 'https://wiki.pokexgames.com/images/1/15/Electric_Tail.png');
INSERT INTO `mrmilho`.`items` (`id`, `ItemName`, `ValueNpc`, `ValueMarket`, `url`) VALUES ('7', 'Earth Stone', '5000', '7000', 'https://wiki.pokexgames.com/images/0/0f/Earth-stone.gif');
INSERT INTO `mrmilho`.`items` (`id`, `ItemName`, `ValueNpc`, `ValueMarket`, `url`) VALUES ('8', 'Earth Ball', '0.5', '2', 'https://wiki.pokexgames.com/images/thumb/1/1a/EarthBall.gif/30px-EarthBall.gif');
INSERT INTO `mrmilho`.`items` (`id`, `ItemName`, `ValueNpc`, `ValueMarket`, `url`) VALUES ('9', 'Sandbag', '15', '15', 'https://wiki.pokexgames.com/images/5/52/SandbagMark.png');
INSERT INTO `mrmilho`.`items` (`id`, `ItemName`, `ValueNpc`, `ValueMarket`, `url`) VALUES ('10', 'Elephant Foot', '180', '180', 'https://wiki.pokexgames.com/images/4/4b/Elephant_Foot.png');
INSERT INTO `mrmilho`.`items` (`id`, `ItemName`, `ValueNpc`, `ValueMarket`, `url`) VALUES ('11', 'Armadillo Claw', '147', '530', 'https://wiki.pokexgames.com/images/f/f6/Armadillo_Claw.png');
INSERT INTO `mrmilho`.`items` (`id`, `ItemName`, `ValueNpc`, `ValueMarket`, `url`) VALUES ('12', 'Bone', '123', '450', 'https://wiki.pokexgames.com/images/2/2c/Bone.png');
INSERT INTO `mrmilho`.`items` (`id`, `ItemName`, `ValueNpc`, `ValueMarket`, `url`) VALUES ('13', 'Cocoon Stone', '5000', '7500', 'https://wiki.pokexgames.com/images/2/28/Cocoon_stone.gif');
INSERT INTO `mrmilho`.`items` (`id`, `ItemName`, `ValueNpc`, `ValueMarket`, `url`) VALUES ('14', 'Feather Stone', '5000', '7000', 'https://wiki.pokexgames.com/images/5/5c/Feather1.png');
INSERT INTO `mrmilho`.`items` (`id`, `ItemName`, `ValueNpc`, `ValueMarket`, `url`) VALUES ('15', 'Bug Gosme', '0.5', '45', 'https://wiki.pokexgames.com/images/thumb/a/ae/BugGomes.gif/30px-BugGomes.gif');
INSERT INTO `mrmilho`.`items` (`id`, `ItemName`, `ValueNpc`, `ValueMarket`, `url`) VALUES ('16', 'Straw', '0.5', '1', 'https://wiki.pokexgames.com/images/5/55/Straw.png');
INSERT INTO `mrmilho`.`items` (`id`, `ItemName`, `ValueNpc`, `ValueMarket`, `url`) VALUES ('17', 'Pot of Moss Bug', '7.5', '10', 'https://wiki.pokexgames.com/images/0/05/PotOfMossBug.png');
INSERT INTO `mrmilho`.`items` (`id`, `ItemName`, `ValueNpc`, `ValueMarket`, `url`) VALUES ('18', 'Scythe', '1000', '1500', 'https://wiki.pokexgames.com/images/2/2f/Scythe1.png');
INSERT INTO `mrmilho`.`items` (`id`, `ItemName`, `ValueNpc`, `ValueMarket`, `url`) VALUES ('19', 'Punch Stone', '5000', '7300', 'https://wiki.pokexgames.com/images/d/da/3mDejdt.png');
INSERT INTO `mrmilho`.`items` (`id`, `ItemName`, `ValueNpc`, `ValueMarket`, `url`) VALUES ('20', 'Insect Claw', '180', '0', 'https://wiki.pokexgames.com/images/3/3f/Insect_Claw.png');
INSERT INTO `mrmilho`.`items` (`id`, `ItemName`, `ValueNpc`, `ValueMarket`, `url`) VALUES ('21', 'Band Aid', '0.5', '1', 'https://wiki.pokexgames.com/images/thumb/d/d3/BandAid.gif/30px-BandAid.gif');
INSERT INTO `mrmilho`.`items` (`id`, `ItemName`, `ValueNpc`, `ValueMarket`, `url`) VALUES ('22', 'Leaf Stone', '5000', '6000', 'https://wiki.pokexgames.com/images/c/c8/Leaf-stone.gif');
INSERT INTO `mrmilho`.`items` (`id`, `ItemName`, `ValueNpc`, `ValueMarket`, `url`) VALUES ('23', 'Great Petal', '132', '133', 'https://wiki.pokexgames.com/images/8/86/Great_Petal.png');
INSERT INTO `mrmilho`.`items` (`id`, `ItemName`, `ValueNpc`, `ValueMarket`, `url`) VALUES ('24', 'Bag of Pollen', '40', '196', 'https://wiki.pokexgames.com/images/b/bc/BagOfPollem.png');
INSERT INTO `mrmilho`.`items` (`id`, `ItemName`, `ValueNpc`, `ValueMarket`, `url`) VALUES ('25', 'Leaves', '8.5', '98', 'https://wiki.pokexgames.com/images/f/f1/Leaves.png');
INSERT INTO `mrmilho`.`items` (`id`, `ItemName`, `ValueNpc`, `ValueMarket`, `url`) VALUES ('26', 'Seed', '0.5', '10', 'https://wiki.pokexgames.com/images/thumb/3/34/Seeds.gif/30px-Seeds.gif');
INSERT INTO `mrmilho`.`items` (`id`, `ItemName`, `ValueNpc`, `ValueMarket`, `url`) VALUES ('27', 'Venom Stone', '5000', '8000', 'https://wiki.pokexgames.com/images/a/ac/Venom-stone.gif');
INSERT INTO `mrmilho`.`items` (`id`, `ItemName`, `ValueNpc`, `ValueMarket`, `url`) VALUES ('28', 'Bulb', '132', '148', 'https://wiki.pokexgames.com/images/3/34/Bulb1.png');
INSERT INTO `mrmilho`.`items` (`id`, `ItemName`, `ValueNpc`, `ValueMarket`, `url`) VALUES ('29', 'Bottle of Poison', '0.5', '1', 'https://wiki.pokexgames.com/images/thumb/c/c1/BottlesOfPoison.gif/30px-BottlesOfPoison.gif');
INSERT INTO `mrmilho`.`items` (`id`, `ItemName`, `ValueNpc`, `ValueMarket`, `url`) VALUES ('30', 'Rock Stone', '5000', '8000', 'https://wiki.pokexgames.com/images/d/dc/Rock-stone.gif');
INSERT INTO `mrmilho`.`items` (`id`, `ItemName`, `ValueNpc`, `ValueMarket`, `url`) VALUES ('31', 'Strange Rock', '159', '400', 'https://wiki.pokexgames.com/images/3/3b/Strange_Rock.png');
INSERT INTO `mrmilho`.`items` (`id`, `ItemName`, `ValueNpc`, `ValueMarket`, `url`) VALUES ('32', 'Stone Orb', '16.5', '71', 'https://wiki.pokexgames.com/images/a/a1/StoneOrb.png');
INSERT INTO `mrmilho`.`items` (`id`, `ItemName`, `ValueNpc`, `ValueMarket`, `url`) VALUES ('33', 'Small Stone', '0.5', '4', 'https://wiki.pokexgames.com/images/thumb/d/d1/SmallStone.gif/30px-SmallStone.gif');
INSERT INTO `mrmilho`.`items` (`id`, `ItemName`, `ValueNpc`, `ValueMarket`, `url`) VALUES ('34', 'Horn Drill', '168', '287', 'https://wiki.pokexgames.com/images/d/d2/Horn_Drill.png');
INSERT INTO `mrmilho`.`items` (`id`, `ItemName`, `ValueNpc`, `ValueMarket`, `url`) VALUES ('35', 'Horn', '25', '25', 'https://wiki.pokexgames.com/images/5/58/Horn.png');
INSERT INTO `mrmilho`.`items` (`id`, `ItemName`, `ValueNpc`, `ValueMarket`, `url`) VALUES ('36', 'Metal Stone', '50000', '65000', 'https://wiki.pokexgames.com/images/b/b9/MetalStone.png');
INSERT INTO `mrmilho`.`items` (`id`, `ItemName`, `ValueNpc`, `ValueMarket`, `url`) VALUES ('37', 'Steelix Tail', '2000', '3500', 'https://wiki.pokexgames.com/images/5/5c/Steelix_Tail.png');
INSERT INTO `mrmilho`.`items` (`id`, `ItemName`, `ValueNpc`, `ValueMarket`, `url`) VALUES ('38', 'Piece of Steel', '0.5', '2', 'https://wiki.pokexgames.com/images/thumb/4/4f/PieceOfSteel.gif/30px-PieceOfSteel.gif');
INSERT INTO `mrmilho`.`items` (`id`, `ItemName`, `ValueNpc`, `ValueMarket`, `url`) VALUES ('39', 'Water Stone', '5000', '8200', 'https://wiki.pokexgames.com/images/8/80/Water-stone.gif');
INSERT INTO `mrmilho`.`items` (`id`, `ItemName`, `ValueNpc`, `ValueMarket`, `url`) VALUES ('40', 'Squirtle Hull', '132', '133', 'https://wiki.pokexgames.com/images/9/99/Squirtle_Hull.png');
INSERT INTO `mrmilho`.`items` (`id`, `ItemName`, `ValueNpc`, `ValueMarket`, `url`) VALUES ('41', 'Water Pendant', '10', '57', 'https://wiki.pokexgames.com/images/2/27/WaterPendant.png');
INSERT INTO `mrmilho`.`items` (`id`, `ItemName`, `ValueNpc`, `ValueMarket`, `url`) VALUES ('42', 'Water Gem', '0.5', '4', 'https://wiki.pokexgames.com/images/thumb/7/76/WaterGem.gif/30px-WaterGem.gif');
INSERT INTO `mrmilho`.`items` (`id`, `ItemName`, `ValueNpc`, `ValueMarket`, `url`) VALUES ('43', 'Red Scale', '132', '340', 'https://wiki.pokexgames.com/images/1/19/Red_Scale.png');
INSERT INTO `mrmilho`.`items` (`id`, `ItemName`, `ValueNpc`, `ValueMarket`, `url`) VALUES ('44', 'Nail', '10', '13', 'https://wiki.pokexgames.com/images/4/40/Nail.png');
INSERT INTO `mrmilho`.`items` (`id`, `ItemName`, `ValueNpc`, `ValueMarket`, `url`) VALUES ('45', 'Air Tank ', '1000', '1200', 'https://wiki.pokexgames.com/images/5/58/Layer5.png');
INSERT INTO `mrmilho`.`items` (`id`, `ItemName`, `ValueNpc`, `ValueMarket`, `url`) VALUES ('46', 'Fins', '1000', '1900', 'https://wiki.pokexgames.com/images/a/a7/Layer4.png');
INSERT INTO `mrmilho`.`items` (`id`, `ItemName`, `ValueNpc`, `ValueMarket`, `url`) VALUES ('47', 'Diving Mask', '1000', '1400', 'https://wiki.pokexgames.com/images/4/4e/Layer2.png');
INSERT INTO `mrmilho`.`items` (`id`, `ItemName`, `ValueNpc`, `ValueMarket`, `url`) VALUES ('48', 'Crystal Stone', '50000', '65000', 'https://wiki.pokexgames.com/images/d/d4/Crystal-stone.gif');
INSERT INTO `mrmilho`.`items` (`id`, `ItemName`, `ValueNpc`, `ValueMarket`, `url`) VALUES ('49', 'Gyarados Tail', '800', '2000', 'https://wiki.pokexgames.com/images/e/e3/Gyarados_Tail.png');
INSERT INTO `mrmilho`.`items` (`id`, `ItemName`, `ValueNpc`, `ValueMarket`, `url`) VALUES ('50', 'Streak Tail', '180', '250', 'https://wiki.pokexgames.com/images/3/37/Streak_Tail.png');
INSERT INTO `mrmilho`.`items` (`id`, `ItemName`, `ValueNpc`, `ValueMarket`, `url`) VALUES ('51', 'Male Ear', '147', '164', 'https://wiki.pokexgames.com/images/8/84/Male_Ear.png');
INSERT INTO `mrmilho`.`items` (`id`, `ItemName`, `ValueNpc`, `ValueMarket`, `url`) VALUES ('52', 'Female Ear', '147', '164', 'https://wiki.pokexgames.com/images/c/c3/Female_Ear.png');
INSERT INTO `mrmilho`.`items` (`id`, `ItemName`, `ValueNpc`, `ValueMarket`, `url`) VALUES ('53', 'Heart Stone', '5000', '7100', 'https://wiki.pokexgames.com/images/3/3e/Heart-stone.gif');
INSERT INTO `mrmilho`.`items` (`id`, `ItemName`, `ValueNpc`, `ValueMarket`, `url`) VALUES ('54', 'Colored Feather', '168', '250', 'https://wiki.pokexgames.com/images/2/27/Colored_Feather.png');
INSERT INTO `mrmilho`.`items` (`id`, `ItemName`, `ValueNpc`, `ValueMarket`, `url`) VALUES ('55', 'Feather', '7.5', '50', 'https://wiki.pokexgames.com/images/7/7f/FeatherMark.png');
INSERT INTO `mrmilho`.`items` (`id`, `ItemName`, `ValueNpc`, `ValueMarket`, `url`) VALUES ('56', 'Bird Beak', '30', '59', 'https://wiki.pokexgames.com/images/0/0c/BirdBeak.png');
INSERT INTO `mrmilho`.`items` (`id`, `ItemName`, `ValueNpc`, `ValueMarket`, `url`) VALUES ('57', 'Rubber Ball', '0.5', '1', 'https://wiki.pokexgames.com/images/thumb/c/c5/RubberBall.gif/30px-RubberBall.gif');
INSERT INTO `mrmilho`.`items` (`id`, `ItemName`, `ValueNpc`, `ValueMarket`, `url`) VALUES ('58', 'Owl Feather', '147', '0', 'https://wiki.pokexgames.com/images/c/c9/Owl_Feather.png');
INSERT INTO `mrmilho`.`items` (`id`, `ItemName`, `ValueNpc`, `ValueMarket`, `url`) VALUES ('59', 'Ancient Stone', '50000', '70000', 'https://wiki.pokexgames.com/images/3/32/Ancient-stone.gif');
INSERT INTO `mrmilho`.`items` (`id`, `ItemName`, `ValueNpc`, `ValueMarket`, `url`) VALUES ('60', 'Giant Bat Wing', '180', '198', 'https://wiki.pokexgames.com/images/b/be/Giant_Bat_Wing.png');
INSERT INTO `mrmilho`.`items` (`id`, `ItemName`, `ValueNpc`, `ValueMarket`, `url`) VALUES ('61', 'Tooth', '8', '30', 'https://wiki.pokexgames.com/images/7/78/Tooth.png');
INSERT INTO `mrmilho`.`items` (`id`, `ItemName`, `ValueNpc`, `ValueMarket`, `url`) VALUES ('62', 'Fire Stone', '5000', '8000', 'https://wiki.pokexgames.com/images/9/9a/Fire-stone.gif');
INSERT INTO `mrmilho`.`items` (`id`, `ItemName`, `ValueNpc`, `ValueMarket`, `url`) VALUES ('63', 'Dragon Tooth', '610', '740', 'https://wiki.pokexgames.com/images/9/9f/DragonTooth.png');
INSERT INTO `mrmilho`.`items` (`id`, `ItemName`, `ValueNpc`, `ValueMarket`, `url`) VALUES ('64', 'Fire Tail', '132', '200', 'https://wiki.pokexgames.com/images/2/22/Fire_Tail.png');
INSERT INTO `mrmilho`.`items` (`id`, `ItemName`, `ValueNpc`, `ValueMarket`, `url`) VALUES ('65', 'Pot of Lava', '18', '25', 'https://wiki.pokexgames.com/images/2/21/PotOfLava.png');
INSERT INTO `mrmilho`.`items` (`id`, `ItemName`, `ValueNpc`, `ValueMarket`, `url`) VALUES ('66', 'Essence of Fire', '0.5', '1', 'https://wiki.pokexgames.com/images/thumb/8/85/EssenceOfFire.gif/30px-EssenceOfFire.gif');
INSERT INTO `mrmilho`.`items` (`id`, `ItemName`, `ValueNpc`, `ValueMarket`, `url`) VALUES ('67', 'Magma Foot', '1000', '1300', 'https://wiki.pokexgames.com/images/1/11/Magma_Foot.png');
INSERT INTO `mrmilho`.`items` (`id`, `ItemName`, `ValueNpc`, `ValueMarket`, `url`) VALUES ('68', 'Hot Fur', '132', '183', 'https://wiki.pokexgames.com/images/9/95/Hot_Fur.png');
INSERT INTO `mrmilho`.`items` (`id`, `ItemName`, `ValueNpc`, `ValueMarket`, `url`) VALUES ('69', 'Fur', '13', '29', 'https://wiki.pokexgames.com/images/5/5c/FurMark.png');
INSERT INTO `mrmilho`.`items` (`id`, `ItemName`, `ValueNpc`, `ValueMarket`, `url`) VALUES ('70', 'Giant Piece of Fur', '180', '180', 'https://wiki.pokexgames.com/images/a/a8/Giant_Piece_Of_Fur.png');
INSERT INTO `mrmilho`.`items` (`id`, `ItemName`, `ValueNpc`, `ValueMarket`, `url`) VALUES ('71', 'Googles', '1000', '0', 'https://wiki.pokexgames.com/images/3/3b/Layer3.png');
INSERT INTO `mrmilho`.`items` (`id`, `ItemName`, `ValueNpc`, `ValueMarket`, `url`) VALUES ('72', 'Snow Skis', '1000', '1300', 'https://wiki.pokexgames.com/images/4/48/Layer1.png');
INSERT INTO `mrmilho`.`items` (`id`, `ItemName`, `ValueNpc`, `ValueMarket`, `url`) VALUES ('73', 'Ski Poles', '1000', '1200', 'https://wiki.pokexgames.com/images/8/8b/Layer0.png');
INSERT INTO `mrmilho`.`items` (`id`, `ItemName`, `ValueNpc`, `ValueMarket`, `url`) VALUES ('74', 'Ice Stone', '5000', '6500', 'https://wiki.pokexgames.com/images/3/34/Ice-stone.gif');
INSERT INTO `mrmilho`.`items` (`id`, `ItemName`, `ValueNpc`, `ValueMarket`, `url`) VALUES ('75', 'Tusk', '180', '450', 'https://wiki.pokexgames.com/images/4/42/Tusk.png');
INSERT INTO `mrmilho`.`items` (`id`, `ItemName`, `ValueNpc`, `ValueMarket`, `url`) VALUES ('76', 'Ice Orb', '32.5', '105', 'https://wiki.pokexgames.com/images/f/f6/IceOrb.png');
INSERT INTO `mrmilho`.`items` (`id`, `ItemName`, `ValueNpc`, `ValueMarket`, `url`) VALUES ('77', 'Snowball', '0.5', '3', 'https://wiki.pokexgames.com/images/thumb/2/26/SnowBall.gif/30px-SnowBall.gif');
INSERT INTO `mrmilho`.`items` (`id`, `ItemName`, `ValueNpc`, `ValueMarket`, `url`) VALUES ('78', 'Seal Tail', '147', '630', 'https://wiki.pokexgames.com/images/7/73/Seal_Tail.png');
INSERT INTO `mrmilho`.`items` (`id`, `ItemName`, `ValueNpc`, `ValueMarket`, `url`) VALUES ('79', 'Strange Spike', '135', '1000', 'https://wiki.pokexgames.com/images/2/2b/Strange_Spike.png');
INSERT INTO `mrmilho`.`items` (`id`, `ItemName`, `ValueNpc`, `ValueMarket`, `url`) VALUES ('80', 'Dragon Tail', '450', '450', 'https://wiki.pokexgames.com/images/8/88/Dragon_Tail.png');
INSERT INTO `mrmilho`.`items` (`id`, `ItemName`, `ValueNpc`, `ValueMarket`, `url`) VALUES ('81', 'Dragon Scale', '0.5', '1', 'https://wiki.pokexgames.com/images/thumb/2/24/DragonScales.gif/30px-DragonScales.gif');
INSERT INTO `mrmilho`.`items` (`id`, `ItemName`, `ValueNpc`, `ValueMarket`, `url`) VALUES ('82', 'Seahorse Tail', '204', '950', 'https://wiki.pokexgames.com/images/9/92/Seahorse_Tail.png');
INSERT INTO `mrmilho`.`items` (`id`, `ItemName`, `ValueNpc`, `ValueMarket`, `url`) VALUES ('83', 'Cow Tail', '180', '349', 'https://wiki.pokexgames.com/images/6/60/Cow_Tail.png');
INSERT INTO `mrmilho`.`items` (`id`, `ItemName`, `ValueNpc`, `ValueMarket`, `url`) VALUES ('84', 'Dog Ear', '147', '550', 'https://wiki.pokexgames.com/images/e/e5/Dog_Ear.png');
INSERT INTO `mrmilho`.`items` (`id`, `ItemName`, `ValueNpc`, `ValueMarket`, `url`) VALUES ('85', 'Enigma Stone', '5000', '7400', 'https://wiki.pokexgames.com/images/0/0a/Enigma-stone.gif');
INSERT INTO `mrmilho`.`items` (`id`, `ItemName`, `ValueNpc`, `ValueMarket`, `url`) VALUES ('86', 'Strange Wing', '168', '0', 'https://wiki.pokexgames.com/images/9/9b/Strange_Wing.png');
INSERT INTO `mrmilho`.`items` (`id`, `ItemName`, `ValueNpc`, `ValueMarket`, `url`) VALUES ('87', 'Enchanted Gem', '0.5', '1', 'https://wiki.pokexgames.com/images/thumb/2/26/EnchantedGem.gif/30px-EnchantedGem.gif');
INSERT INTO `mrmilho`.`items` (`id`, `ItemName`, `ValueNpc`, `ValueMarket`, `url`) VALUES ('88', 'Psychic Spoon', '180', '400', 'https://wiki.pokexgames.com/images/2/28/Psychic_Spoon.png');
INSERT INTO `mrmilho`.`items` (`id`, `ItemName`, `ValueNpc`, `ValueMarket`, `url`) VALUES ('89', 'Future Orb', '15.5', '45', 'https://wiki.pokexgames.com/images/8/86/FutureooOrb.png');
INSERT INTO `mrmilho`.`items` (`id`, `ItemName`, `ValueNpc`, `ValueMarket`, `url`) VALUES ('90', 'Darkness Stone', '5000', '8000', 'https://wiki.pokexgames.com/images/5/5d/HrnVNwK.png');
INSERT INTO `mrmilho`.`items` (`id`, `ItemName`, `ValueNpc`, `ValueMarket`, `url`) VALUES ('91', 'Traces of Ghost', '180', '210', 'https://wiki.pokexgames.com/images/3/3c/Traces_Of_Ghost.png');
INSERT INTO `mrmilho`.`items` (`id`, `ItemName`, `ValueNpc`, `ValueMarket`, `url`) VALUES ('92', 'Ghost Essence', '0.5', '1', 'https://wiki.pokexgames.com/images/thumb/3/3d/GhostEssence.gif/30px-GhostEssence.gif');
INSERT INTO `mrmilho`.`items` (`id`, `ItemName`, `ValueNpc`, `ValueMarket`, `url`) VALUES ('93', 'Miss Trace', '310', '370', 'https://wiki.pokexgames.com/images/0/0e/Miss_Trace.png');
INSERT INTO `mrmilho`.`items` (`id`, `ItemName`, `ValueNpc`, `ValueMarket`, `url`) VALUES ('94', 'Kick Machine', '135', '388', 'https://wiki.pokexgames.com/images/0/0d/Kick_Machine.png');
INSERT INTO `mrmilho`.`items` (`id`, `ItemName`, `ValueNpc`, `ValueMarket`, `url`) VALUES ('95', 'Martial Arts Scroll', '185', '500', 'https://wiki.pokexgames.com/images/d/d8/Martial_Arts_Scroll.png');
INSERT INTO `mrmilho`.`items` (`id`, `ItemName`, `ValueNpc`, `ValueMarket`, `url`) VALUES ('96', 'Punch Machine', '135', '388', 'https://wiki.pokexgames.com/images/2/26/Punch_Machine.png');
INSERT INTO `mrmilho`.`items` (`id`, `ItemName`, `ValueNpc`, `ValueMarket`, `url`) VALUES ('97', 'Spin Machine', '135', '570', 'https://wiki.pokexgames.com/images/7/7d/Spin_Machine.png');
INSERT INTO `mrmilho`.`items` (`id`, `ItemName`, `ValueNpc`, `ValueMarket`, `url`) VALUES ('98', 'Belt of Champion', '1000', '1700', 'https://wiki.pokexgames.com/images/2/2e/Belt_Of_Champion.png');


CREATE TABLE `mrmilho`.`pokemons` ( `id` INT NOT NULL, `Name` VARCHAR(45) NOT NULL,`Droptable` INT NOT NULL,PRIMARY KEY (`id`));
INSERT INTO `mrmilho`.`pokemons` (`id`, `Name`, `Droptable`) VALUES ('1', 'Raichu', '1');
INSERT INTO `mrmilho`.`pokemons` (`id`, `Name`, `Droptable`) VALUES ('2', 'Ampharos', '2');
INSERT INTO `mrmilho`.`pokemons` (`id`, `Name`, `Droptable`) VALUES ('3', 'Electabuzz', '3');
INSERT INTO `mrmilho`.`pokemons` (`id`, `Name`, `Droptable`) VALUES ('4', 'Donphan', '4');
INSERT INTO `mrmilho`.`pokemons` (`id`, `Name`, `Droptable`) VALUES ('5', 'Sandslash', '5');
INSERT INTO `mrmilho`.`pokemons` (`id`, `Name`, `Droptable`) VALUES ('6', 'Marowak', '6');
INSERT INTO `mrmilho`.`pokemons` (`id`, `Name`, `Droptable`) VALUES ('7', 'Scyther', '7');
INSERT INTO `mrmilho`.`pokemons` (`id`, `Name`, `Droptable`) VALUES ('8', 'Heracross', '8');
INSERT INTO `mrmilho`.`pokemons` (`id`, `Name`, `Droptable`) VALUES ('9', 'Meganium', '9');
INSERT INTO `mrmilho`.`pokemons` (`id`, `Name`, `Droptable`) VALUES ('10', 'Venusaur', '10');
INSERT INTO `mrmilho`.`pokemons` (`id`, `Name`, `Droptable`) VALUES ('11', 'Golem', '11');
INSERT INTO `mrmilho`.`pokemons` (`id`, `Name`, `Droptable`) VALUES ('12', 'Rhydon', '12');
INSERT INTO `mrmilho`.`pokemons` (`id`, `Name`, `Droptable`) VALUES ('13', 'Steelix', '13');
INSERT INTO `mrmilho`.`pokemons` (`id`, `Name`, `Droptable`) VALUES ('14', 'Blastoise', '14');
INSERT INTO `mrmilho`.`pokemons` (`id`, `Name`, `Droptable`) VALUES ('15', 'Feraligatr', '15');
INSERT INTO `mrmilho`.`pokemons` (`id`, `Name`, `Droptable`) VALUES ('16', 'Gyarados', '16');
INSERT INTO `mrmilho`.`pokemons` (`id`, `Name`, `Droptable`) VALUES ('17', 'Mantine', '17');
INSERT INTO `mrmilho`.`pokemons` (`id`, `Name`, `Droptable`) VALUES ('18', 'Nidoking', '18');
INSERT INTO `mrmilho`.`pokemons` (`id`, `Name`, `Droptable`) VALUES ('19', 'Nidoqueen', '19');
INSERT INTO `mrmilho`.`pokemons` (`id`, `Name`, `Droptable`) VALUES ('20', 'Pidgeot', '20');
INSERT INTO `mrmilho`.`pokemons` (`id`, `Name`, `Droptable`) VALUES ('21', 'Noctowl', '21');
INSERT INTO `mrmilho`.`pokemons` (`id`, `Name`, `Droptable`) VALUES ('22', 'Crobat', '22');
INSERT INTO `mrmilho`.`pokemons` (`id`, `Name`, `Droptable`) VALUES ('23', 'Charizard', '23');
INSERT INTO `mrmilho`.`pokemons` (`id`, `Name`, `Droptable`) VALUES ('24', 'Magmar', '24');
INSERT INTO `mrmilho`.`pokemons` (`id`, `Name`, `Droptable`) VALUES ('25', 'Typhlosion', '25');
INSERT INTO `mrmilho`.`pokemons` (`id`, `Name`, `Droptable`) VALUES ('26', 'Arcanine', '26');
INSERT INTO `mrmilho`.`pokemons` (`id`, `Name`, `Droptable`) VALUES ('27', 'Piloswine', '27');
INSERT INTO `mrmilho`.`pokemons` (`id`, `Name`, `Droptable`) VALUES ('28', 'Dewgong', '28');
INSERT INTO `mrmilho`.`pokemons` (`id`, `Name`, `Droptable`) VALUES ('29', 'Cloyster', '29');
INSERT INTO `mrmilho`.`pokemons` (`id`, `Name`, `Droptable`) VALUES ('30', 'Dragonite', '30');
INSERT INTO `mrmilho`.`pokemons` (`id`, `Name`, `Droptable`) VALUES ('31', 'Kingdra', '31');
INSERT INTO `mrmilho`.`pokemons` (`id`, `Name`, `Droptable`) VALUES ('32', 'Miltank', '32');
INSERT INTO `mrmilho`.`pokemons` (`id`, `Name`, `Droptable`) VALUES ('33', 'Granbull', '33');
INSERT INTO `mrmilho`.`pokemons` (`id`, `Name`, `Droptable`) VALUES ('34', 'Xatu', '34');
INSERT INTO `mrmilho`.`pokemons` (`id`, `Name`, `Droptable`) VALUES ('35', 'Alakazan', '35');
INSERT INTO `mrmilho`.`pokemons` (`id`, `Name`, `Droptable`) VALUES ('36', 'Gengar', '36');
INSERT INTO `mrmilho`.`pokemons` (`id`, `Name`, `Droptable`) VALUES ('37', 'Misdreavus', '37');
INSERT INTO `mrmilho`.`pokemons` (`id`, `Name`, `Droptable`) VALUES ('38', 'Fighting', '38');



CREATE TABLE `mrmilho`.`droplist`(`id` INT NOT NULL,`idpokemon` INT NOT NULL,`iditem` INT NOT NULL,PRIMARY KEY (`id`));
INSERT INTO `mrmilho`.`droplist` (`id`, `idpokemon`, `iditem`) VALUES ('1', '1', '4');
INSERT INTO `mrmilho`.`droplist` (`id`, `idpokemon`, `iditem`) VALUES ('2', '1', '3');
INSERT INTO `mrmilho`.`droplist` (`id`, `idpokemon`, `iditem`) VALUES ('3', '1', '2');
INSERT INTO `mrmilho`.`droplist` (`id`, `idpokemon`, `iditem`) VALUES ('4', '1', '1');
INSERT INTO `mrmilho`.`droplist` (`id`, `idpokemon`, `iditem`) VALUES ('5', '2', '5');
INSERT INTO `mrmilho`.`droplist` (`id`, `idpokemon`, `iditem`) VALUES ('6', '2', '3');
INSERT INTO `mrmilho`.`droplist` (`id`, `idpokemon`, `iditem`) VALUES ('7', '2', '2');
INSERT INTO `mrmilho`.`droplist` (`id`, `idpokemon`, `iditem`) VALUES ('8', '2', '1');
INSERT INTO `mrmilho`.`droplist` (`id`, `idpokemon`, `iditem`) VALUES ('9', '3', '6');
INSERT INTO `mrmilho`.`droplist` (`id`, `idpokemon`, `iditem`) VALUES ('10', '3', '3');
INSERT INTO `mrmilho`.`droplist` (`id`, `idpokemon`, `iditem`) VALUES ('11', '3', '2');
INSERT INTO `mrmilho`.`droplist` (`id`, `idpokemon`, `iditem`) VALUES ('12', '3', '1');
INSERT INTO `mrmilho`.`droplist` (`id`, `idpokemon`, `iditem`) VALUES ('13', '4', '7');
INSERT INTO `mrmilho`.`droplist` (`id`, `idpokemon`, `iditem`) VALUES ('14', '4', '8');
INSERT INTO `mrmilho`.`droplist` (`id`, `idpokemon`, `iditem`) VALUES ('15', '4', '9');
INSERT INTO `mrmilho`.`droplist` (`id`, `idpokemon`, `iditem`) VALUES ('16', '4', '10');
INSERT INTO `mrmilho`.`droplist` (`id`, `idpokemon`, `iditem`) VALUES ('17', '5', '7');
INSERT INTO `mrmilho`.`droplist` (`id`, `idpokemon`, `iditem`) VALUES ('18', '5', '11');
INSERT INTO `mrmilho`.`droplist` (`id`, `idpokemon`, `iditem`) VALUES ('19', '5', '8');
INSERT INTO `mrmilho`.`droplist` (`id`, `idpokemon`, `iditem`) VALUES ('20', '5', '9');
INSERT INTO `mrmilho`.`droplist` (`id`, `idpokemon`, `iditem`) VALUES ('21', '6', '7');
INSERT INTO `mrmilho`.`droplist` (`id`, `idpokemon`, `iditem`) VALUES ('22', '6', '12');
INSERT INTO `mrmilho`.`droplist` (`id`, `idpokemon`, `iditem`) VALUES ('23', '6', '8');
INSERT INTO `mrmilho`.`droplist` (`id`, `idpokemon`, `iditem`) VALUES ('24', '6', '9');
INSERT INTO `mrmilho`.`droplist` (`id`, `idpokemon`, `iditem`) VALUES ('25', '7', '13');
INSERT INTO `mrmilho`.`droplist` (`id`, `idpokemon`, `iditem`) VALUES ('26', '7', '14');
INSERT INTO `mrmilho`.`droplist` (`id`, `idpokemon`, `iditem`) VALUES ('27', '7', '15');
INSERT INTO `mrmilho`.`droplist` (`id`, `idpokemon`, `iditem`) VALUES ('28', '7', '16');
INSERT INTO `mrmilho`.`droplist` (`id`, `idpokemon`, `iditem`) VALUES ('29', '7', '17');
INSERT INTO `mrmilho`.`droplist` (`id`, `idpokemon`, `iditem`) VALUES ('30', '7', '18');
INSERT INTO `mrmilho`.`droplist` (`id`, `idpokemon`, `iditem`) VALUES ('31', '8', '19');
INSERT INTO `mrmilho`.`droplist` (`id`, `idpokemon`, `iditem`) VALUES ('32', '8', '20');
INSERT INTO `mrmilho`.`droplist` (`id`, `idpokemon`, `iditem`) VALUES ('33', '8', '21');
INSERT INTO `mrmilho`.`droplist` (`id`, `idpokemon`, `iditem`) VALUES ('34', '8', '17');
INSERT INTO `mrmilho`.`droplist` (`id`, `idpokemon`, `iditem`) VALUES ('35', '8', '15');
INSERT INTO `mrmilho`.`droplist` (`id`, `idpokemon`, `iditem`) VALUES ('36', '8', '13');
INSERT INTO `mrmilho`.`droplist` (`id`, `idpokemon`, `iditem`) VALUES ('37', '9', '22');
INSERT INTO `mrmilho`.`droplist` (`id`, `idpokemon`, `iditem`) VALUES ('38', '9', '23');
INSERT INTO `mrmilho`.`droplist` (`id`, `idpokemon`, `iditem`) VALUES ('39', '9', '24');
INSERT INTO `mrmilho`.`droplist` (`id`, `idpokemon`, `iditem`) VALUES ('40', '9', '25');
INSERT INTO `mrmilho`.`droplist` (`id`, `idpokemon`, `iditem`) VALUES ('41', '9', '26');
INSERT INTO `mrmilho`.`droplist` (`id`, `idpokemon`, `iditem`) VALUES ('42', '10', '22');
INSERT INTO `mrmilho`.`droplist` (`id`, `idpokemon`, `iditem`) VALUES ('43', '10', '27');
INSERT INTO `mrmilho`.`droplist` (`id`, `idpokemon`, `iditem`) VALUES ('44', '10', '28');
INSERT INTO `mrmilho`.`droplist` (`id`, `idpokemon`, `iditem`) VALUES ('45', '10', '29');
INSERT INTO `mrmilho`.`droplist` (`id`, `idpokemon`, `iditem`) VALUES ('46', '10', '24');
INSERT INTO `mrmilho`.`droplist` (`id`, `idpokemon`, `iditem`) VALUES ('47', '10', '25');
INSERT INTO `mrmilho`.`droplist` (`id`, `idpokemon`, `iditem`) VALUES ('48', '10', '26');
INSERT INTO `mrmilho`.`droplist` (`id`, `idpokemon`, `iditem`) VALUES ('49', '11', '30');
INSERT INTO `mrmilho`.`droplist` (`id`, `idpokemon`, `iditem`) VALUES ('50', '11', '7');
INSERT INTO `mrmilho`.`droplist` (`id`, `idpokemon`, `iditem`) VALUES ('51', '11', '8');
INSERT INTO `mrmilho`.`droplist` (`id`, `idpokemon`, `iditem`) VALUES ('52', '11', '33');
INSERT INTO `mrmilho`.`droplist` (`id`, `idpokemon`, `iditem`) VALUES ('53', '11', '31');
INSERT INTO `mrmilho`.`droplist` (`id`, `idpokemon`, `iditem`) VALUES ('54', '11', '32');
INSERT INTO `mrmilho`.`droplist` (`id`, `idpokemon`, `iditem`) VALUES ('55', '12', '30');
INSERT INTO `mrmilho`.`droplist` (`id`, `idpokemon`, `iditem`) VALUES ('56', '12', '7');
INSERT INTO `mrmilho`.`droplist` (`id`, `idpokemon`, `iditem`) VALUES ('57', '12', '8');
INSERT INTO `mrmilho`.`droplist` (`id`, `idpokemon`, `iditem`) VALUES ('58', '12', '32');
INSERT INTO `mrmilho`.`droplist` (`id`, `idpokemon`, `iditem`) VALUES ('59', '12', '34');
INSERT INTO `mrmilho`.`droplist` (`id`, `idpokemon`, `iditem`) VALUES ('60', '12', '35');
INSERT INTO `mrmilho`.`droplist` (`id`, `idpokemon`, `iditem`) VALUES ('61', '12', '33');
INSERT INTO `mrmilho`.`droplist` (`id`, `idpokemon`, `iditem`) VALUES ('62', '13', '7');
INSERT INTO `mrmilho`.`droplist` (`id`, `idpokemon`, `iditem`) VALUES ('63', '13', '36');
INSERT INTO `mrmilho`.`droplist` (`id`, `idpokemon`, `iditem`) VALUES ('64', '13', '37');
INSERT INTO `mrmilho`.`droplist` (`id`, `idpokemon`, `iditem`) VALUES ('65', '13', '38');
INSERT INTO `mrmilho`.`droplist` (`id`, `idpokemon`, `iditem`) VALUES ('66', '13', '8');
INSERT INTO `mrmilho`.`droplist` (`id`, `idpokemon`, `iditem`) VALUES ('67', '13', '9');
INSERT INTO `mrmilho`.`droplist` (`id`, `idpokemon`, `iditem`) VALUES ('68', '14', '39');
INSERT INTO `mrmilho`.`droplist` (`id`, `idpokemon`, `iditem`) VALUES ('69', '14', '40');
INSERT INTO `mrmilho`.`droplist` (`id`, `idpokemon`, `iditem`) VALUES ('70', '14', '41');
INSERT INTO `mrmilho`.`droplist` (`id`, `idpokemon`, `iditem`) VALUES ('71', '14', '42');
INSERT INTO `mrmilho`.`droplist` (`id`, `idpokemon`, `iditem`) VALUES ('72', '15', '39');
INSERT INTO `mrmilho`.`droplist` (`id`, `idpokemon`, `iditem`) VALUES ('73', '15', '41');
INSERT INTO `mrmilho`.`droplist` (`id`, `idpokemon`, `iditem`) VALUES ('74', '15', '42');
INSERT INTO `mrmilho`.`droplist` (`id`, `idpokemon`, `iditem`) VALUES ('75', '15', '43');
INSERT INTO `mrmilho`.`droplist` (`id`, `idpokemon`, `iditem`) VALUES ('76', '15', '44');
INSERT INTO `mrmilho`.`droplist` (`id`, `idpokemon`, `iditem`) VALUES ('77', '16', '39');
INSERT INTO `mrmilho`.`droplist` (`id`, `idpokemon`, `iditem`) VALUES ('78', '16', '48');
INSERT INTO `mrmilho`.`droplist` (`id`, `idpokemon`, `iditem`) VALUES ('79', '16', '45');
INSERT INTO `mrmilho`.`droplist` (`id`, `idpokemon`, `iditem`) VALUES ('80', '16', '46');
INSERT INTO `mrmilho`.`droplist` (`id`, `idpokemon`, `iditem`) VALUES ('81', '16', '47');
INSERT INTO `mrmilho`.`droplist` (`id`, `idpokemon`, `iditem`) VALUES ('89', '16', '49');
INSERT INTO `mrmilho`.`droplist` (`id`, `idpokemon`, `iditem`) VALUES ('90', '16', '42');
INSERT INTO `mrmilho`.`droplist` (`id`, `idpokemon`, `iditem`) VALUES ('91', '16', '41');
INSERT INTO `mrmilho`.`droplist` (`id`, `idpokemon`, `iditem`) VALUES ('92', '16', '16');
INSERT INTO `mrmilho`.`droplist` (`id`, `idpokemon`, `iditem`) VALUES ('93', '17', '39');
INSERT INTO `mrmilho`.`droplist` (`id`, `idpokemon`, `iditem`) VALUES ('94', '17', '50');
INSERT INTO `mrmilho`.`droplist` (`id`, `idpokemon`, `iditem`) VALUES ('95', '17', '45');
INSERT INTO `mrmilho`.`droplist` (`id`, `idpokemon`, `iditem`) VALUES ('96', '17', '46');
INSERT INTO `mrmilho`.`droplist` (`id`, `idpokemon`, `iditem`) VALUES ('97', '17', '47');
INSERT INTO `mrmilho`.`droplist` (`id`, `idpokemon`, `iditem`) VALUES ('98', '17', '16');
INSERT INTO `mrmilho`.`droplist` (`id`, `idpokemon`, `iditem`) VALUES ('99', '17', '42');
INSERT INTO `mrmilho`.`droplist` (`id`, `idpokemon`, `iditem`) VALUES ('100', '17', '41');
INSERT INTO `mrmilho`.`droplist` (`id`, `idpokemon`, `iditem`) VALUES ('101', '18', '27');
INSERT INTO `mrmilho`.`droplist` (`id`, `idpokemon`, `iditem`) VALUES ('102', '18', '7');
INSERT INTO `mrmilho`.`droplist` (`id`, `idpokemon`, `iditem`) VALUES ('103', '18', '51');
INSERT INTO `mrmilho`.`droplist` (`id`, `idpokemon`, `iditem`) VALUES ('104', '18', '9');
INSERT INTO `mrmilho`.`droplist` (`id`, `idpokemon`, `iditem`) VALUES ('105', '18', '8');
INSERT INTO `mrmilho`.`droplist` (`id`, `idpokemon`, `iditem`) VALUES ('106', '18', '29');
INSERT INTO `mrmilho`.`droplist` (`id`, `idpokemon`, `iditem`) VALUES ('107', '19', '27');
INSERT INTO `mrmilho`.`droplist` (`id`, `idpokemon`, `iditem`) VALUES ('108', '19', '7');
INSERT INTO `mrmilho`.`droplist` (`id`, `idpokemon`, `iditem`) VALUES ('109', '19', '52');
INSERT INTO `mrmilho`.`droplist` (`id`, `idpokemon`, `iditem`) VALUES ('110', '19', '9');
INSERT INTO `mrmilho`.`droplist` (`id`, `idpokemon`, `iditem`) VALUES ('111', '19', '8');
INSERT INTO `mrmilho`.`droplist` (`id`, `idpokemon`, `iditem`) VALUES ('112', '19', '29');
INSERT INTO `mrmilho`.`droplist` (`id`, `idpokemon`, `iditem`) VALUES ('113', '20', '53');
INSERT INTO `mrmilho`.`droplist` (`id`, `idpokemon`, `iditem`) VALUES ('114', '20', '14');
INSERT INTO `mrmilho`.`droplist` (`id`, `idpokemon`, `iditem`) VALUES ('115', '20', '54');
INSERT INTO `mrmilho`.`droplist` (`id`, `idpokemon`, `iditem`) VALUES ('116', '20', '55');
INSERT INTO `mrmilho`.`droplist` (`id`, `idpokemon`, `iditem`) VALUES ('117', '20', '56');
INSERT INTO `mrmilho`.`droplist` (`id`, `idpokemon`, `iditem`) VALUES ('118', '20', '57');
INSERT INTO `mrmilho`.`droplist` (`id`, `idpokemon`, `iditem`) VALUES ('119', '20', '16');
INSERT INTO `mrmilho`.`droplist` (`id`, `idpokemon`, `iditem`) VALUES ('120', '21', '53');
INSERT INTO `mrmilho`.`droplist` (`id`, `idpokemon`, `iditem`) VALUES ('121', '21', '14');
INSERT INTO `mrmilho`.`droplist` (`id`, `idpokemon`, `iditem`) VALUES ('122', '21', '55');
INSERT INTO `mrmilho`.`droplist` (`id`, `idpokemon`, `iditem`) VALUES ('123', '21', '58');
INSERT INTO `mrmilho`.`droplist` (`id`, `idpokemon`, `iditem`) VALUES ('124', '21', '57');
INSERT INTO `mrmilho`.`droplist` (`id`, `idpokemon`, `iditem`) VALUES ('125', '21', '16');
INSERT INTO `mrmilho`.`droplist` (`id`, `idpokemon`, `iditem`) VALUES ('126', '22', '59');
INSERT INTO `mrmilho`.`droplist` (`id`, `idpokemon`, `iditem`) VALUES ('127', '22', '27');
INSERT INTO `mrmilho`.`droplist` (`id`, `idpokemon`, `iditem`) VALUES ('128', '22', '60');
INSERT INTO `mrmilho`.`droplist` (`id`, `idpokemon`, `iditem`) VALUES ('129', '22', '61');
INSERT INTO `mrmilho`.`droplist` (`id`, `idpokemon`, `iditem`) VALUES ('130', '22', '16');
INSERT INTO `mrmilho`.`droplist` (`id`, `idpokemon`, `iditem`) VALUES ('131', '22', '29');
INSERT INTO `mrmilho`.`droplist` (`id`, `idpokemon`, `iditem`) VALUES ('132', '23', '62');
INSERT INTO `mrmilho`.`droplist` (`id`, `idpokemon`, `iditem`) VALUES ('133', '23', '14');
INSERT INTO `mrmilho`.`droplist` (`id`, `idpokemon`, `iditem`) VALUES ('134', '23', '63');
INSERT INTO `mrmilho`.`droplist` (`id`, `idpokemon`, `iditem`) VALUES ('135', '23', '64');
INSERT INTO `mrmilho`.`droplist` (`id`, `idpokemon`, `iditem`) VALUES ('136', '23', '65');
INSERT INTO `mrmilho`.`droplist` (`id`, `idpokemon`, `iditem`) VALUES ('137', '23', '66');
INSERT INTO `mrmilho`.`droplist` (`id`, `idpokemon`, `iditem`) VALUES ('138', '23', '16');
INSERT INTO `mrmilho`.`droplist` (`id`, `idpokemon`, `iditem`) VALUES ('139', '24', '62');
INSERT INTO `mrmilho`.`droplist` (`id`, `idpokemon`, `iditem`) VALUES ('140', '24', '67');
INSERT INTO `mrmilho`.`droplist` (`id`, `idpokemon`, `iditem`) VALUES ('141', '24', '65');
INSERT INTO `mrmilho`.`droplist` (`id`, `idpokemon`, `iditem`) VALUES ('142', '24', '66');
INSERT INTO `mrmilho`.`droplist` (`id`, `idpokemon`, `iditem`) VALUES ('143', '25', '62');
INSERT INTO `mrmilho`.`droplist` (`id`, `idpokemon`, `iditem`) VALUES ('144', '25', '68');
INSERT INTO `mrmilho`.`droplist` (`id`, `idpokemon`, `iditem`) VALUES ('145', '25', '69');
INSERT INTO `mrmilho`.`droplist` (`id`, `idpokemon`, `iditem`) VALUES ('146', '25', '65');
INSERT INTO `mrmilho`.`droplist` (`id`, `idpokemon`, `iditem`) VALUES ('147', '25', '66');
INSERT INTO `mrmilho`.`droplist` (`id`, `idpokemon`, `iditem`) VALUES ('148', '26', '62');
INSERT INTO `mrmilho`.`droplist` (`id`, `idpokemon`, `iditem`) VALUES ('149', '26', '48');
INSERT INTO `mrmilho`.`droplist` (`id`, `idpokemon`, `iditem`) VALUES ('150', '26', '70');
INSERT INTO `mrmilho`.`droplist` (`id`, `idpokemon`, `iditem`) VALUES ('151', '26', '69');
INSERT INTO `mrmilho`.`droplist` (`id`, `idpokemon`, `iditem`) VALUES ('152', '26', '65');
INSERT INTO `mrmilho`.`droplist` (`id`, `idpokemon`, `iditem`) VALUES ('153', '26', '66');
INSERT INTO `mrmilho`.`droplist` (`id`, `idpokemon`, `iditem`) VALUES ('154', '27', '74');
INSERT INTO `mrmilho`.`droplist` (`id`, `idpokemon`, `iditem`) VALUES ('155', '27', '7');
INSERT INTO `mrmilho`.`droplist` (`id`, `idpokemon`, `iditem`) VALUES ('156', '27', '71');
INSERT INTO `mrmilho`.`droplist` (`id`, `idpokemon`, `iditem`) VALUES ('157', '27', '72');
INSERT INTO `mrmilho`.`droplist` (`id`, `idpokemon`, `iditem`) VALUES ('158', '27', '73');
INSERT INTO `mrmilho`.`droplist` (`id`, `idpokemon`, `iditem`) VALUES ('159', '27', '75');
INSERT INTO `mrmilho`.`droplist` (`id`, `idpokemon`, `iditem`) VALUES ('160', '27', '76');
INSERT INTO `mrmilho`.`droplist` (`id`, `idpokemon`, `iditem`) VALUES ('161', '27', '77');
INSERT INTO `mrmilho`.`droplist` (`id`, `idpokemon`, `iditem`) VALUES ('162', '27', '8');
INSERT INTO `mrmilho`.`droplist` (`id`, `idpokemon`, `iditem`) VALUES ('163', '27', '69');
INSERT INTO `mrmilho`.`droplist` (`id`, `idpokemon`, `iditem`) VALUES ('164', '28', '74');
INSERT INTO `mrmilho`.`droplist` (`id`, `idpokemon`, `iditem`) VALUES ('165', '28', '39');
INSERT INTO `mrmilho`.`droplist` (`id`, `idpokemon`, `iditem`) VALUES ('166', '28', '71');
INSERT INTO `mrmilho`.`droplist` (`id`, `idpokemon`, `iditem`) VALUES ('167', '28', '72');
INSERT INTO `mrmilho`.`droplist` (`id`, `idpokemon`, `iditem`) VALUES ('168', '28', '73');
INSERT INTO `mrmilho`.`droplist` (`id`, `idpokemon`, `iditem`) VALUES ('169', '28', '78');
INSERT INTO `mrmilho`.`droplist` (`id`, `idpokemon`, `iditem`) VALUES ('170', '28', '41');
INSERT INTO `mrmilho`.`droplist` (`id`, `idpokemon`, `iditem`) VALUES ('171', '28', '42');
INSERT INTO `mrmilho`.`droplist` (`id`, `idpokemon`, `iditem`) VALUES ('172', '28', '76');
INSERT INTO `mrmilho`.`droplist` (`id`, `idpokemon`, `iditem`) VALUES ('173', '28', '77');
INSERT INTO `mrmilho`.`droplist` (`id`, `idpokemon`, `iditem`) VALUES ('174', '29', '74');
INSERT INTO `mrmilho`.`droplist` (`id`, `idpokemon`, `iditem`) VALUES ('175', '29', '39');
INSERT INTO `mrmilho`.`droplist` (`id`, `idpokemon`, `iditem`) VALUES ('176', '29', '71');
INSERT INTO `mrmilho`.`droplist` (`id`, `idpokemon`, `iditem`) VALUES ('177', '29', '72');
INSERT INTO `mrmilho`.`droplist` (`id`, `idpokemon`, `iditem`) VALUES ('178', '29', '73');
INSERT INTO `mrmilho`.`droplist` (`id`, `idpokemon`, `iditem`) VALUES ('179', '29', '79');
INSERT INTO `mrmilho`.`droplist` (`id`, `idpokemon`, `iditem`) VALUES ('180', '29', '41');
INSERT INTO `mrmilho`.`droplist` (`id`, `idpokemon`, `iditem`) VALUES ('181', '29', '42');
INSERT INTO `mrmilho`.`droplist` (`id`, `idpokemon`, `iditem`) VALUES ('182', '29', '76');
INSERT INTO `mrmilho`.`droplist` (`id`, `idpokemon`, `iditem`) VALUES ('183', '29', '77');
INSERT INTO `mrmilho`.`droplist` (`id`, `idpokemon`, `iditem`) VALUES ('184', '30', '48');
INSERT INTO `mrmilho`.`droplist` (`id`, `idpokemon`, `iditem`) VALUES ('185', '30', '71');
INSERT INTO `mrmilho`.`droplist` (`id`, `idpokemon`, `iditem`) VALUES ('186', '30', '72');
INSERT INTO `mrmilho`.`droplist` (`id`, `idpokemon`, `iditem`) VALUES ('187', '30', '73');
INSERT INTO `mrmilho`.`droplist` (`id`, `idpokemon`, `iditem`) VALUES ('188', '30', '63');
INSERT INTO `mrmilho`.`droplist` (`id`, `idpokemon`, `iditem`) VALUES ('189', '30', '80');
INSERT INTO `mrmilho`.`droplist` (`id`, `idpokemon`, `iditem`) VALUES ('190', '30', '81');
INSERT INTO `mrmilho`.`droplist` (`id`, `idpokemon`, `iditem`) VALUES ('191', '30', '16');
INSERT INTO `mrmilho`.`droplist` (`id`, `idpokemon`, `iditem`) VALUES ('192', '31', '48');
INSERT INTO `mrmilho`.`droplist` (`id`, `idpokemon`, `iditem`) VALUES ('193', '31', '39');
INSERT INTO `mrmilho`.`droplist` (`id`, `idpokemon`, `iditem`) VALUES ('194', '31', '47');
INSERT INTO `mrmilho`.`droplist` (`id`, `idpokemon`, `iditem`) VALUES ('195', '31', '46');
INSERT INTO `mrmilho`.`droplist` (`id`, `idpokemon`, `iditem`) VALUES ('196', '31', '45');
INSERT INTO `mrmilho`.`droplist` (`id`, `idpokemon`, `iditem`) VALUES ('197', '31', '82');
INSERT INTO `mrmilho`.`droplist` (`id`, `idpokemon`, `iditem`) VALUES ('198', '31', '41');
INSERT INTO `mrmilho`.`droplist` (`id`, `idpokemon`, `iditem`) VALUES ('199', '31', '42');
INSERT INTO `mrmilho`.`droplist` (`id`, `idpokemon`, `iditem`) VALUES ('200', '31', '81');
INSERT INTO `mrmilho`.`droplist` (`id`, `idpokemon`, `iditem`) VALUES ('201', '32', '53');
INSERT INTO `mrmilho`.`droplist` (`id`, `idpokemon`, `iditem`) VALUES ('202', '32', '83');
INSERT INTO `mrmilho`.`droplist` (`id`, `idpokemon`, `iditem`) VALUES ('203', '32', '57');
INSERT INTO `mrmilho`.`droplist` (`id`, `idpokemon`, `iditem`) VALUES ('204', '33', '53');
INSERT INTO `mrmilho`.`droplist` (`id`, `idpokemon`, `iditem`) VALUES ('205', '33', '84');
INSERT INTO `mrmilho`.`droplist` (`id`, `idpokemon`, `iditem`) VALUES ('206', '33', '57');
INSERT INTO `mrmilho`.`droplist` (`id`, `idpokemon`, `iditem`) VALUES ('207', '34', '85');
INSERT INTO `mrmilho`.`droplist` (`id`, `idpokemon`, `iditem`) VALUES ('208', '34', '14');
INSERT INTO `mrmilho`.`droplist` (`id`, `idpokemon`, `iditem`) VALUES ('209', '34', '87');
INSERT INTO `mrmilho`.`droplist` (`id`, `idpokemon`, `iditem`) VALUES ('210', '34', '86');
INSERT INTO `mrmilho`.`droplist` (`id`, `idpokemon`, `iditem`) VALUES ('211', '34', '55');
INSERT INTO `mrmilho`.`droplist` (`id`, `idpokemon`, `iditem`) VALUES ('212', '34', '16');
INSERT INTO `mrmilho`.`droplist` (`id`, `idpokemon`, `iditem`) VALUES ('213', '35', '85');
INSERT INTO `mrmilho`.`droplist` (`id`, `idpokemon`, `iditem`) VALUES ('214', '35', '87');
INSERT INTO `mrmilho`.`droplist` (`id`, `idpokemon`, `iditem`) VALUES ('215', '35', '88');
INSERT INTO `mrmilho`.`droplist` (`id`, `idpokemon`, `iditem`) VALUES ('216', '35', '89');
INSERT INTO `mrmilho`.`droplist` (`id`, `idpokemon`, `iditem`) VALUES ('217', '36', '90');
INSERT INTO `mrmilho`.`droplist` (`id`, `idpokemon`, `iditem`) VALUES ('218', '36', '27');
INSERT INTO `mrmilho`.`droplist` (`id`, `idpokemon`, `iditem`) VALUES ('219', '36', '91');
INSERT INTO `mrmilho`.`droplist` (`id`, `idpokemon`, `iditem`) VALUES ('220', '36', '92');
INSERT INTO `mrmilho`.`droplist` (`id`, `idpokemon`, `iditem`) VALUES ('221', '36', '29');
INSERT INTO `mrmilho`.`droplist` (`id`, `idpokemon`, `iditem`) VALUES ('222', '37', '90');
INSERT INTO `mrmilho`.`droplist` (`id`, `idpokemon`, `iditem`) VALUES ('223', '37', '92');
INSERT INTO `mrmilho`.`droplist` (`id`, `idpokemon`, `iditem`) VALUES ('224', '37', '89');
INSERT INTO `mrmilho`.`droplist` (`id`, `idpokemon`, `iditem`) VALUES ('225', '37', '93');
INSERT INTO `mrmilho`.`droplist` (`id`, `idpokemon`, `iditem`) VALUES ('226', '38', '19');
INSERT INTO `mrmilho`.`droplist` (`id`, `idpokemon`, `iditem`) VALUES ('227', '38', '94');
INSERT INTO `mrmilho`.`droplist` (`id`, `idpokemon`, `iditem`) VALUES ('228', '38', '95');
INSERT INTO `mrmilho`.`droplist` (`id`, `idpokemon`, `iditem`) VALUES ('229', '38', '96');
INSERT INTO `mrmilho`.`droplist` (`id`, `idpokemon`, `iditem`) VALUES ('230', '38', '97');
INSERT INTO `mrmilho`.`droplist` (`id`, `idpokemon`, `iditem`) VALUES ('231', '38', '98');
INSERT INTO `mrmilho`.`droplist` (`id`, `idpokemon`, `iditem`) VALUES ('232', '38', '21');


CREATE TABLE `mrmilho`.`accounts`(`id` INT NOT NULL AUTO_INCREMENT,`username` VARCHAR(45) NOT NULL ,`password` VARCHAR(150) NOT NULL,`idaccess` INT NOT NULL, `token` VARCHAR(45),PRIMARY KEY (`id`));

CREATE TABLE `mrmilho`.`access`(`id` INT NOT NULL ,`access` VARCHAR(45) NOT NULL ,PRIMARY KEY (`id`));
INSERT INTO `mrmilho`.`access` (`id`, `access`) VALUES ('2', 'user');
INSERT INTO `mrmilho`.`access` (`id`, `access`) VALUES ('3', 'premium');
INSERT INTO `mrmilho`.`access` (`id`, `access`) VALUES ('4', 'moderator');
INSERT INTO `mrmilho`.`access` (`id`, `access`) VALUES ('5', 'admin');
INSERT INTO `mrmilho`.`access` (`id`, `access`) VALUES ('1', 'banned');

